{
  "apps/web/next-env.d.ts": 1782140049.292659,
  "apps/web/tailwind.config.ts": 1782140361.3374085,
  "apps/web/postcss.config.js": 1782139679.6407444,
  "apps/web/src/types/itinerary-version.ts": 1782201923.5015786,
  "apps/web/src/types/trip.ts": 1782203435.766121,
  "apps/web/src/types/user.ts": 1782198035.483669,
  "apps/web/src/types/place.ts": 1782203435.6754212,
  "apps/web/src/types/auth.ts": 1782148182.59935,
  "apps/web/src/app/layout.tsx": 1782139680.11787,
  "apps/web/src/app/page.tsx": 1782139846.6679494,
  "apps/web/src/app/providers.tsx": 1782148251.6187115,
  "apps/web/src/app/settings/page.tsx": 1782198205.0336947,
  "apps/web/src/app/register/page.tsx": 1782148302.5285687,
  "apps/web/src/app/api/trip-service/[...path]/route.ts": 1782148201.9313128,
  "apps/web/src/app/trips/page.tsx": 1782148320.8806422,
  "apps/web/src/app/trips/new/page.tsx": 1782148320.981465,
  "apps/web/src/app/trips/[id]/page.tsx": 1782203522.4059134,
  "apps/web/src/app/login/page.tsx": 1782148336.766208,
  "apps/web/src/components/ui/Card.tsx": 1782139825.8056955,
  "apps/web/src/components/ui/Button.tsx": 1782139825.4196916,
  "apps/web/src/components/ui/Select.tsx": 1782139825.6117823,
  "apps/web/src/components/ui/Textarea.tsx": 1782139825.7086663,
  "apps/web/src/components/ui/Input.tsx": 1782139825.5157044,
  "apps/web/src/components/settings/PreferencesForm.tsx": 1782198180.7816892,
  "apps/web/src/components/settings/ProfileForm.tsx": 1782198118.123202,
  "apps/web/src/components/settings/SettingsSkeleton.tsx": 1782198076.1664488,
  "apps/web/src/components/settings/CheckboxGroup.tsx": 1782198068.9163837,
  "apps/web/src/components/auth/ProtectedRoute.tsx": 1782148234.2212167,
  "apps/web/src/components/auth/AuthProvider.tsx": 1782148353.7178836,
  "apps/web/src/components/layout/PageContainer.tsx": 1782139825.9024916,
  "apps/web/src/components/layout/AppHeader.tsx": 1782198504.3067083,
  "apps/web/src/components/places/AttachPlaceDialog.tsx": 1782203481.906456,
  "apps/web/src/components/trips/ItineraryView.tsx": 1782203532.273746,
  "apps/web/src/components/trips/TripStatusBadge.tsx": 1782139826.094605,
  "apps/web/src/components/trips/GenerateItineraryButton.tsx": 1782202004.9487464,
  "apps/web/src/components/trips/TripCard.tsx": 1782139826.1905453,
  "apps/web/src/components/trips/TripForm.tsx": 1782140032.3060672,
  "apps/web/src/components/trips/ItineraryVersionHistory.tsx": 1782201983.2490263,
  "apps/web/src/components/trips/ItineraryEditor.tsx": 1782203516.4622164,
  "apps/web/src/lib/utils.ts": 1782139825.1146576,
  "apps/web/src/lib/config.ts": 1782203925.5190258,
  "apps/web/src/lib/api/trips.ts": 1782201923.5875704,
  "apps/web/src/lib/api/client.ts": 1782198026.9221199,
  "apps/web/src/lib/api/places.ts": 1782203539.7221076,
  "apps/web/src/lib/api/user.ts": 1782198045.5065424,
  "apps/web/src/lib/api/auth.ts": 1782148182.859691,
  "apps/web/src/lib/itinerary/editor-utils.ts": 1782203447.2311046,
  "services/trip-service/cmd/server/main.go": 1782120917.461028,
  "services/trip-service/internal/app/di.go": 1782196468.1444912,
  "services/trip-service/internal/app/app.go": 1782119685.0663826,
  "services/trip-service/internal/http-server/cors.go": 1782141685.916754,
  "services/trip-service/internal/http-server/cors_test.go": 1782199668.0899148,
  "services/trip-service/internal/http-server/server.go": 1782119347.7444208,
  "services/trip-service/internal/http-server/readiness_test.go": 1782136638.3996985,
  "services/trip-service/internal/http-server/routes_auth_test.go": 1782202087.156435,
  "services/trip-service/internal/http-server/routes.go": 1782147886.3755355,
  "services/trip-service/internal/http-server/readiness.go": 1782136324.3408728,
  "services/trip-service/internal/http-server/dto/response/trip.go": 1782202087.1543465,
  "services/trip-service/internal/http-server/dto/request/trip.go": 1782201128.717753,
  "services/trip-service/internal/http-server/handler/trip.go": 1782201707.4395251,
  "services/trip-service/internal/config/config.go": 1782199432.539751,
  "services/trip-service/internal/config/config_test.go": 1782199436.1594105,
  "services/trip-service/internal/auth/claims.go": 1782147869.3871129,
  "services/trip-service/internal/auth/context.go": 1782196345.4489918,
  "services/trip-service/internal/auth/middleware.go": 1782196345.5405772,
  "services/trip-service/internal/usercontext/client.go": 1782196320.726352,
  "services/trip-service/internal/usercontext/client_test.go": 1782196551.4437563,
  "services/trip-service/internal/usercontext/dto.go": 1782196320.5461097,
  "services/trip-service/internal/usercontext/module.go": 1782196320.635797,
  "services/trip-service/internal/application/generator.go": 1782200092.5296926,
  "services/trip-service/internal/application/dto/trip.go": 1782201180.7636378,
  "services/trip-service/internal/application/errs/errs.go": 1782196453.9374974,
  "services/trip-service/internal/application/service/trip.go": 1782203360.2555733,
  "services/trip-service/internal/application/service/itinerary_version.go": 1782201668.716086,
  "services/trip-service/internal/application/service/trip_test.go": 1782203408.4261107,
  "services/trip-service/internal/infrastructure/repository/postgres/trip.go": 1782201909.1556432,
  "services/trip-service/internal/infrastructure/repository/postgres/dto/trip.go": 1782122625.4013429,
  "services/trip-service/internal/infrastructure/repository/postgres/dto/itinerary_version.go": 1782201587.6633275,
  "services/trip-service/internal/infrastructure/generator/provider.go": 1782123987.9558814,
  "services/trip-service/internal/infrastructure/generator/provider_test.go": 1782200746.154364,
  "services/trip-service/internal/infrastructure/generator/http_test.go": 1782200728.0765095,
  "services/trip-service/internal/infrastructure/generator/http.go": 1782200569.4711819,
  "services/trip-service/internal/infrastructure/generator/mock.go": 1782200282.7913132,
  "services/trip-service/internal/domain/entity/trip.go": 1782122422.4531202,
  "services/trip-service/internal/domain/entity/itinerary_version.go": 1782201587.5736015,
  "services/trip-service/internal/domain/aggregate/itinerary.go": 1782203733.75104,
  "services/trip-service/internal/domain/errs/errs.go": 1782122475.6887567,
  "services/trip-service/pkg/logger/zap.go": 1782120917.4622684,
  "services/trip-service/pkg/cache/redis/config.go": 1782119063.4298277,
  "services/trip-service/pkg/cache/redis/client.go": 1782120917.4622,
  "services/trip-service/pkg/cache/redis/redis.go": 1782119079.4142947,
  "services/trip-service/pkg/storage/postgres/config.go": 1782120917.4620512,
  "services/trip-service/pkg/storage/postgres/checks.go": 1782120917.4618657,
  "services/trip-service/pkg/storage/postgres/postgres.go": 1782120917.462332,
  "services/trip-service/pkg/tls/tls.go": 1782120917.4621942,
  "services/trip-service/pkg/validation/tags.go": 1782120917.461506,
  "services/trip-service/pkg/validation/validator.go": 1782120917.4623945,
  "services/trip-service/pkg/closer/closer.go": 1782120917.462191,
  "services/ai-planning-service/app/config.py": 1782138145.1135228,
  "services/ai-planning-service/app/__init__.py": 1782123290.9088867,
  "services/ai-planning-service/app/main.py": 1782135308.4906642,
  "services/ai-planning-service/app/core/__init__.py": 1782123291.3183744,
  "services/ai-planning-service/app/core/errors.py": 1782125144.036055,
  "services/ai-planning-service/app/schemas/itinerary.py": 1782200903.8195045,
  "services/ai-planning-service/app/schemas/__init__.py": 1782123291.609813,
  "services/ai-planning-service/app/schemas/destination_context.py": 1782131102.815913,
  "services/ai-planning-service/app/schemas/knowledge.py": 1782135594.7431276,
  "services/ai-planning-service/app/scripts/index_knowledge.py": 1782138261.839488,
  "services/ai-planning-service/app/scripts/__init__.py": 1782135353.3702965,